[DATETIME_KEY],AUDCAD,AUDCHF,AUDJPY,AUDNZD,AUDUSD,BCHEUR,CADCHF,CADJPY,CHFJPY,EURAUD,EURCAD,EURCHF,EURGBP,EURHUF,EURJPY,EURNZD,EURPLN,EURRUB,EURUSD,GBPAUD,GBPCAD,GBPCHF,GBPJPY,GBPNZD,GBPUSD,GOLD,NZDCAD,NZDCHF,NZDJPY,NZDUSD,PLATINUM,SILVER,USDCAD,USDCHF,USDCNH,USDCZK,USDJPY,USDMXN,USDPLN,USDRON,USDRUB,WTI
2020.12.10T11:00:00,-1,-1,-2,2,-1,-2,-1,-2,-2,1,-1,-1,2,1,-2,2,-1,-1,-1,-1,-2,-2,-2,1,-2,-1,-2,-2,-2,-2,-2,1,-1,1,1,1,-2,1,1,1,1,-2
2020.12.10T11:01:00,-1,1,-1,-1,-2,1,1,-1,-1,-1,-1,-1,-1,-1,-1,-1,-1,-2,-2,1,1,1,-1,1,-1,-1,1,1,-1,-2,-1,-1,2,2,1,2,1,2,1,1,1,-2
2020.12.10T11:02:00,2,1,-1,-2,-1,-1,-2,-2,-1,-1,1,-1,1,-1,-1,-1,-1,-1,-1,-1,1,-1,-1,-1,-1,-2,2,1,1,1,-1,-2,2,1,1,1,-1,1,1,1,-1,2
2020.12.10T11:03:00,-2,-1,-2,-1,-2,1,2,1,-1,1,-1,1,-1,-1,-1,1,1,1,-1,2,-1,1,1,2,-1,-1,-2,-1,-2,-2,-1,-2,1,2,-2,1,1,1,1,1,1,-1
2020.12.10T11:04:00,2,2,2,-1,1,1,1,1,-1,1,1,2,2,1,1,-1,1,-2,1,-1,-1,-1,-1,-2,-1,-2,2,2,2,1,-2,-2,2,1,2,-1,2,1,-1,-1,-2,2
2020.12.10T11:05:00,3,2,2,2,2,-1,1,-1,-2,-2,-1,-1,1,-1,-1,-2,-1,-1,-1,-2,-2,-2,-2,-2,-1,-1,2,2,2,2,-1,2,-2,-1,-1,-1,-2,-2,1,1,-1,2
2020.12.10T11:06:00,1,-1,1,-2,1,1,-2,1,2,1,1,-1,-2,-1,1,-1,-1,-1,1,2,2,2,2,1,2,-2,2,1,2,2,-2,-1,-1,-2,-1,-2,1,-2,-1,-1,-2,1
2020.12.10T11:07:00,2,-1,1,-2,1,1,-2,-1,1,1,1,-1,-1,1,1,-1,-1,-1,1,1,1,1,2,-1,1,2,2,1,2,1,-1,2,2,-1,1,-1,1,1,-1,-1,-1,-1
2020.12.10T11:08:00,-1,2,2,2,2,1,2,2,-1,-2,-1,1,-1,1,1,-1,1,-1,1,-1,-1,2,2,1,1,-1,-2,1,1,1,2,2,-2,-1,-2,-1,1,-2,1,-1,-1,2
2020.12.10T11:09:00,2,2,-1,-1,-2,1,1,-2,-2,-2,-1,-1,1,1,-2,-2,1,2,-2,-2,-1,-2,-2,-2,-2,-1,2,2,-1,-2,-1,-1,2,2,2,2,2,2,2,1,2,-2
2020.12.10T11:10:00,2,2,2,2,2,-2,1,1,1,-2,-1,1,-1,2,1,1,-1,-1,1,-1,1,1,1,1,1,-2,-1,1,1,1,-2,-2,-2,-1,-2,-2,-1,-1,-1,-1,-2,1
2020.12.10T11:11:00,-2,-1,1,-1,-1,1,1,2,1,2,1,1,1,-2,2,1,-1,1,1,1,-1,1,2,1,1,1,-2,1,2,1,1,2,-2,-1,-1,-1,2,-2,-1,-1,-1,1
2020.12.10T11:12:00,-1,-2,-1,-2,-1,2,-2,-1,1,1,-1,-2,-1,-1,-1,-1,1,1,-1,1,1,-2,-1,-1,-1,-2,1,-2,-1,-1,-1,-2,1,-2,1,1,-1,1,1,1,2,-1
2020.12.10T11:13:00,1,-1,-1,-1,-1,1,-1,-1,-1,2,1,1,2,1,1,1,-1,-1,1,-1,-1,-1,-2,-1,-1,-1,1,-1,-1,-1,-2,-1,1,-1,-1,-1,-1,1,-1,-1,-2,-2
2020.12.10T11:14:00,1,1,1,1,1,-1,1,-1,-1,-1,-1,1,1,2,-1,-1,-1,-1,-1,-1,-1,-1,-1,-1,-1,-2,1,1,-1,1,-1,-2,1,1,1,1,1,-2,1,-1,-2,1
2020.12.10T11:15:00,1,2,-1,-2,1,-1,1,-2,-2,-1,-1,1,-1,-2,-1,-2,-1,-2,-1,1,1,2,1,-1,1,2,2,2,1,2,1,2,1,1,-2,1,-2,2,1,1,-1,-1
2020.12.10T11:16:00,-1,1,1,-1,-1,-1,1,2,1,1,1,2,1,-1,1,1,1,1,1,1,1,1,2,-1,-1,3,1,1,1,-1,1,2,-1,1,2,-1,2,1,-1,-1,-1,-1
2020.12.10T11:17:00,2,-1,1,-2,1,2,-2,-1,1,1,1,1,-1,-1,1,-1,1,-1,1,1,1,1,1,-1,1,2,2,1,2,2,2,2,-1,-1,-1,-1,-1,-2,-1,-1,-2,-1
2020.12.10T11:18:00,2,2,2,2,2,-1,1,-1,-1,-1,1,1,-1,-1,1,-1,-1,2,1,-1,1,2,1,1,1,1,2,2,1,2,2,2,1,1,-1,-1,-1,1,-1,-1,2,-2
2020.12.10T11:19:00,-2,-1,2,-1,2,-1,2,2,1,1,-1,1,2,-1,1,1,-1,-2,1,-1,-2,-2,1,-1,-1,1,-2,-1,2,1,1,1,-2,-1,-1,-2,1,-2,-1,-1,-2,2
2020.12.10T11:20:00,-1,-2,-2,-2,-2,-1,-1,-2,1,2,1,1,1,-1,1,1,1,2,1,-1,-1,-1,-2,-1,-1,-2,1,-1,-1,-1,-1,1,2,-1,-2,-1,-1,1,1,-1,2,-1
2020.12.10T11:21:00,-2,-2,-2,1,-2,-1,-2,-1,1,2,1,-1,2,1,1,2,1,1,1,1,-1,-2,-1,1,-1,-2,-2,-2,-2,-2,-2,-2,1,-1,1,-1,1,-1,-1,-1,-1,-1
2020.12.10T11:22:00,-1,-2,-1,2,-1,-1,-1,1,1,1,1,1,1,1,1,2,-1,1,1,1,1,-1,1,2,1,1,-2,-2,-2,-1,1,1,-1,-1,1,-1,-1,1,-1,-1,1,1
2020.12.10T11:23:00,1,1,1,1,-1,1,1,1,-1,-1,-1,1,1,-1,-1,-1,-1,-1,-1,-2,-2,-2,-2,-2,-2,-2,1,1,-1,-1,-2,-2,1,1,-2,1,1,1,1,1,1,-1
2020.12.10T11:24:00,1,2,1,2,1,1,1,-1,-1,-1,-1,1,1,-1,-1,-1,-1,-2,-1,-1,-1,-1,-2,-1,-1,2,-1,1,-1,-1,1,-1,1,1,2,1,1,-1,1,1,-2,-1
2020.12.10T11:25:00,2,3,2,-1,2,2,2,2,-1,-2,1,2,1,-1,1,-2,1,1,2,-2,-1,2,1,-2,1,1,2,2,2,2,2,1,-2,1,-2,-2,-1,-2,-1,-1,-1,2
2020.12.10T11:26:00,-1,-1,-1,1,-1,-1,1,-1,-1,1,-1,1,2,-1,-1,1,1,-2,-1,-1,-2,-2,-2,-1,-2,1,-1,-1,-2,-1,2,2,1,1,-1,1,-1,-1,1,-1,-2,1
2020.12.10T11:27:00,2,2,2,2,2,-1,1,1,-1,-1,-1,1,2,-1,1,1,-1,2,1,-2,-2,-2,-2,-2,-1,2,-1,1,1,1,2,2,-1,1,1,-1,1,-1,-1,1,1,1
2020.12.10T11:28:00,2,2,2,-3,2,-1,1,1,1,-1,2,2,1,-1,2,-2,-2,1,2,-1,2,2,2,-2,2,2,3,3,3,3,2,2,-2,-2,-2,-2,-2,-2,-2,-1,-2,-1
2020.12.10T11:29:00,-1,1,-1,1,-2,-1,1,-1,-1,-1,-1,-1,1,-1,-1,-1,-1,1,-1,-1,-1,-1,-2,-2,-2,-2,-1,1,-1,-2,-2,-2,2,2,3,1,1,2,1,1,2,-1
2020.12.10T11:30:00,-1,-1,-1,-1,1,-1,-1,1,1,1,-1,-1,1,1,1,1,-1,-2,1,1,-1,-1,1,-1,1,2,1,-1,1,1,2,2,-1,-1,-1,1,1,-1,-1,1,-2,-1
2020.12.10T11:31:00,2,-1,1,-2,2,-1,-2,1,1,2,2,2,2,-1,2,1,-1,1,2,-1,-1,-1,-1,-2,1,1,2,1,2,2,2,1,-1,-2,-2,-2,-1,-2,-2,-1,-2,2
2020.12.10T11:32:00,1,1,-1,-1,-1,-1,1,-1,-1,-1,1,1,-1,1,-1,-1,1,1,-1,-1,1,1,-1,1,1,-2,1,1,-1,1,1,-2,1,1,2,1,-1,2,1,1,1,-1
2020.12.10T11:33:00,-1,-1,1,-1,-1,2,-1,1,1,-2,-1,-2,-2,1,-1,-2,2,-2,-2,1,1,-1,1,-1,-1,-1,-1,-1,1,-1,-2,1,2,1,1,2,2,2,2,1,-1,2
2020.12.10T11:34:00,2,2,2,2,2,1,1,1,1,-2,-1,1,-1,1,1,-2,1,-2,1,-2,1,1,1,-1,2,2,2,2,2,2,2,2,-2,-1,-1,-1,-1,-2,-1,-1,-2,-1
2020.12.10T11:35:00,2,-1,2,-1,2,-1,-2,2,2,1,2,2,-1,-1,2,1,-1,-1,2,2,2,2,2,2,2,2,2,-1,2,2,1,2,-2,-2,-2,-2,1,-2,-2,-1,-2,-1
2020.12.10T11:36:00,1,1,-1,2,1,-2,1,-1,-1,1,1,1,-2,-2,-1,2,-1,2,1,2,2,2,2,2,2,-1,-2,-2,-2,-2,-1,-1,1,1,-1,-1,-1,-2,-1,-1,2,2
2020.12.10T11:37:00,1,-2,-1,2,-1,-3,-2,-2,1,-1,1,-2,-2,2,-1,2,-1,-2,-1,2,2,1,2,2,2,1,-2,-2,-2,-2,-2,-1,2,-1,1,1,-2,-1,1,1,-2,-2
2020.12.10T11:38:00,-2,-2,-2,1,-2,-2,-2,-2,1,1,1,-2,-1,-1,-1,2,1,-1,-1,2,1,-1,-1,2,-1,-2,-2,-2,-2,-2,-1,-2,2,-1,2,1,-1,2,1,1,2,-3
2020.12.10T11:39:00,-1,-1,-1,1,-1,-1,-1,-1,-1,-1,-1,-1,1,1,-1,1,-1,1,-1,-1,-1,-1,-2,-1,-1,2,-1,-2,-2,-1,1,1,1,-1,-1,1,-1,-1,1,1,2,-2
2020.12.10T11:40:00,-2,1,1,-2,1,1,2,2,-1,-1,-1,1,-1,1,1,-1,-1,2,-1,1,-1,1,1,1,1,-1,-1,2,1,2,-1,-2,-2,1,1,-1,1,1,-1,-1,2,2
2020.12.10T11:41:00,1,-2,-1,1,1,1,-2,-1,1,1,1,-1,-1,-1,1,1,1,2,1,1,1,-1,1,1,1,1,1,-1,-1,-1,1,2,1,-1,1,1,-1,2,-1,1,2,-1
2020.12.10T11:42:00,-2,-2,-2,-2,-2,-2,-1,-1,-1,2,-1,1,-2,3,-1,1,1,2,-1,2,2,2,1,2,1,-1,-1,-1,-1,-1,-2,-1,1,1,1,-1,-1,1,1,1,2,-1
2020.12.10T11:43:00,-2,-2,-2,-2,-2,-2,-2,-2,1,2,1,-2,-1,-1,-1,1,2,-1,1,2,2,-1,1,2,1,2,-1,-2,-2,-1,2,2,-1,-2,-2,-1,-2,-1,1,-1,-2,2
2020.12.10T11:44:00,2,2,2,-1,2,2,-1,-1,-1,-1,1,1,2,1,1,-1,1,2,1,-2,-1,-1,-2,-2,-1,-2,2,2,2,2,1,-2,2,1,2,-1,-1,-2,1,-1,2,-1
2020.12.10T11:45:00,1,-2,-1,-2,-1,-2,-1,-1,1,2,1,1,2,-2,1,1,-2,1,1,-2,-1,-2,-2,-2,-1,2,1,-1,-1,1,1,2,1,-1,-1,-1,-1,1,-2,-1,-1,-2
2020.12.10T11:46:00,2,2,1,-2,2,2,1,1,-1,-2,-1,-1,-1,-1,-1,-2,-1,-2,1,-1,1,1,1,-2,1,2,2,2,2,2,2,2,-2,-1,-2,-1,-1,-2,-1,1,-2,-2
2020.12.10T11:47:00,-2,-1,-1,2,-1,-2,2,1,-1,1,-1,1,2,1,1,1,-1,2,1,-1,-2,-1,-1,-1,-1,1,-2,-1,-1,-1,1,-1,-2,1,-2,-1,1,-2,1,-1,2,2
2020.12.10T11:48:00,-2,2,-1,-2,-1,2,2,-1,-2,-2,-2,-1,-2,-1,-2,-2,-2,-1,-2,1,1,2,1,1,1,-2,1,2,-1,1,-1,-2,1,2,2,2,-1,1,1,1,1,-1
2020.12.10T11:49:00,1,-1,1,1,-1,-2,-2,-1,1,1,1,-1,-1,1,1,1,1,-2,-1,2,2,1,2,1,1,2,1,-1,-1,-1,1,2,2,-1,-1,1,1,2,1,1,-1,2
2020.12.10T11:50:00,-1,-2,-2,-1,-1,1,-2,-2,1,1,1,-2,-1,-1,-1,1,1,-2,1,1,1,-1,1,1,1,1,-1,-2,-2,-1,1,2,-1,-2,-2,-1,-2,-1,-1,-1,-2,1
2020.12.10T11:51:00,1,1,1,-1,2,2,-1,-1,-1,-1,1,1,-2,-2,-1,-1,1,2,1,2,2,2,2,2,2,1,1,1,1,2,2,-1,-2,-1,1,-1,-2,-2,-1,-1,2,1
2020.12.10T11:52:00,1,2,-1,-1,-1,-1,2,-1,-1,1,1,2,2,1,1,-1,1,1,-1,-2,-2,-2,-2,-2,-2,2,1,2,1,-1,-1,1,2,2,2,1,1,2,1,1,1,-1
2020.12.10T11:53:00,-2,2,-2,2,-1,1,2,-1,-2,-1,-2,-1,-1,1,-2,1,1,-1,-1,1,-1,1,-1,2,-1,-2,-2,-2,-2,-2,-2,-2,1,2,2,1,-1,1,1,1,1,-1
2020.12.10T11:54:00,-1,-2,-2,2,-2,1,-2,-1,1,1,1,-2,1,-1,-1,2,-1,1,-1,-1,-1,-2,-2,1,-2,1,-2,-2,-2,-2,-1,2,2,-1,1,1,1,2,1,1,2,-1
2020.12.10T11:55:00,1,1,1,2,-1,-2,1,-1,-1,1,1,1,1,-1,1,2,1,2,1,1,1,1,1,2,1,-2,-2,-1,-2,-2,-2,-2,-1,1,2,-1,1,2,1,-3,2,2
2020.12.10T11:56:00,1,1,2,2,-1,1,-1,2,1,1,1,1,1,1,1,2,1,2,-1,-1,1,1,2,1,-1,-1,-1,-2,1,-2,1,-1,2,1,1,-1,2,-1,1,2,2,-1
2020.12.10T11:57:00,-2,-2,-2,-2,-3,-2,-2,-2,-1,2,1,-2,1,2,-1,1,2,1,-1,2,1,-1,-2,1,-1,-2,-2,-2,-2,-2,-1,-1,2,1,1,2,1,2,2,1,2,1
2020.12.10T11:58:00,1,1,2,1,1,1,-1,2,1,-1,1,1,-1,2,1,-1,1,2,1,1,1,1,2,1,1,-2,1,-1,1,1,2,-2,-1,-1,-1,2,1,1,-1,-1,2,-1
2020.12.10T11:59:00,1,1,1,-2,2,1,1,1,1,1,1,1,1,-2,1,-1,1,-2,1,-1,-1,1,1,-1,1,2,2,2,2,2,2,2,-2,-1,-2,-1,-2,-2,-1,-2,-2,-1
2020.12.10T12:00:00,-2,-1,-2,-2,-2,1,2,-1,-1,-1,-1,-1,-2,2,-1,-2,1,-2,-1,2,2,2,2,1,1,1,1,1,-1,-1,-2,1,1,1,1,1,-1,-1,1,2,-2,-1
2020.12.10T12:01:00,2,1,-1,1,1,2,-1,-2,-1,-1,-1,-2,-1,1,-1,-1,-1,-1,-1,1,1,1,1,1,1,1,1,-1,-1,-1,2,-1,2,-1,-2,2,-1,-1,1,1,-1,-2
2020.12.10T12:02:00,-1,-1,-1,-2,-1,2,-1,-1,1,1,1,-1,1,1,1,-1,1,-1,-1,1,-1,-1,-1,-1,-1,-1,1,1,1,-1,-1,-1,1,1,1,1,1,-1,1,-1,1,2
2020.12.10T12:03:00,-1,-1,1,-2,1,1,1,2,1,1,1,1,-1,-1,1,-1,-1,-1,1,2,2,2,2,1,2,2,2,1,2,2,1,1,-2,-1,-1,-1,1,-2,-1,-1,-2,2
2020.12.10T12:04:00,-1,-1,-1,2,-1,1,-1,1,1,2,1,1,1,1,1,2,2,-1,1,1,1,1,1,1,1,-1,-2,-1,-1,-1,-2,-1,-1,-1,1,-1,1,-2,1,-1,-2,1
2020.12.10T12:05:00,2,2,1,2,2,-1,2,1,-2,-2,-2,-1,-2,2,-2,-2,-1,2,-2,1,2,2,2,2,2,-2,1,2,1,1,-1,-2,-1,2,1,2,-1,1,1,1,2,-2
2020.12.10T12:06:00,-2,-2,-2,-2,-1,-1,-1,-1,-1,2,1,1,-1,-2,1,1,-1,-2,1,2,1,1,1,1,1,-1,1,1,-1,1,-1,-2,1,1,-2,-1,-1,1,-1,1,-2,1
2020.12.10T12:07:00,-1,-1,-1,-2,-1,-2,-1,1,1,1,1,-1,1,-1,-1,-1,-1,-2,1,-1,-1,-1,-1,-2,-1,1,1,1,1,1,1,1,-1,-1,-1,-2,-1,-2,-1,-1,-2,-1
2020.12.10T12:08:00,2,2,1,2,2,1,-1,1,1,-2,-1,-1,-1,-2,-1,-1,1,-1,-1,-1,-1,-1,-1,-1,-1,1,-1,-1,1,-1,-2,1,-1,-1,1,1,-1,-2,1,1,-1,-1
2020.12.10T12:09:00,-2,-2,-2,-1,-2,-1,-1,-2,-1,2,1,1,2,1,-1,1,2,1,-1,-1,-2,-2,-2,-1,-2,1,-1,-1,-2,-2,-1,-1,2,1,1,1,1,2,2,1,2,-1
2020.12.10T12:10:00,2,2,2,2,2,-2,-1,-1,1,-2,1,1,1,1,1,-1,-1,-1,2,-2,1,1,1,-1,1,1,2,2,2,2,1,1,-2,-2,-1,-1,-2,-2,-1,-1,-2,2
2020.12.10T12:11:00,1,2,1,1,1,2,1,-1,-1,-1,-1,-1,2,-1,-1,-1,-1,-1,-1,-2,-2,-2,-2,-2,-2,-1,1,2,1,-1,1,-1,1,1,-1,1,1,-2,-1,1,1,-1
2020.12.10T12:12:00,1,-1,1,1,1,-1,-2,1,1,1,1,1,1,1,1,1,-1,2,1,-1,1,-1,1,-1,-1,2,1,-1,1,1,1,2,1,-1,1,-1,1,-1,-1,-1,1,-2
2020.12.10T12:13:00,1,2,1,2,1,1,2,-1,-1,-1,-1,1,1,1,1,1,1,-1,1,-1,-1,1,1,1,1,-1,-1,1,-1,-1,-1,1,-1,1,1,1,1,-1,1,1,-1,1
2020.12.10T12:14:00,2,-1,1,-1,1,1,-2,-2,1,1,1,-1,-2,-1,1,-1,1,-1,1,2,2,2,2,2,2,1,2,-1,1,1,1,2,2,-1,-1,-1,-1,1,1,-1,-1,-1
2020.12.10T12:15:00,2,-1,-1,2,-2,1,-1,-2,-1,1,1,1,2,2,1,2,-1,-2,-1,-2,-2,-2,-2,-2,-2,-1,1,-1,-2,-2,-1,-2,2,2,1,1,2,2,-1,1,2,-1
2020.12.10T12:16:00,-1,-2,-2,1,-2,2,-1,-2,-1,1,-1,-2,1,1,-1,1,-1,2,-1,1,-1,-1,-1,1,-1,-2,-2,-2,-2,-2,-2,-2,2,1,2,1,1,1,1,1,1,1
2020.12.10T12:17:00,-2,-1,1,-1,1,-1,-1,2,1,1,-1,-1,-1,-1,1,-1,2,-1,1,1,1,1,2,1,2,-1,1,1,2,1,-1,-1,-2,-1,-1,-1,1,-1,1,-1,-1,-1
2020.12.10T12:18:00,1,-1,-1,2,-1,-1,-1,-1,-1,-1,1,-1,1,-1,-1,1,1,1,-1,-1,-1,-2,-2,-1,-2,-1,-1,-1,-1,-1,-2,-1,2,1,2,1,1,1,1,1,2,-1
2020.12.10T12:19:00,-1,-2,-2,-1,-2,-2,-2,-2,1,2,1,1,1,-1,-1,1,-1,1,1,1,1,-1,-1,1,1,1,1,-1,-1,-1,-2,-1,2,-1,1,-1,-1,2,-1,-1,-1,2
2020.12.10T12:20:00,1,2,1,-1,2,1,2,1,-1,-2,-1,-1,-1,1,-1,-2,-1,-2,-1,-1,-1,1,-1,-1,1,-1,1,2,1,2,1,-1,-2,1,2,1,-1,-2,1,1,-2,1
2020.12.10T12:21:00,-2,-1,-1,-1,-2,1,2,2,1,1,-1,-1,-1,2,1,1,-1,-1,-1,1,-1,-1,1,1,-1,-2,-2,-1,-1,-1,-1,-2,-2,1,-2,1,1,2,1,1,-1,-1
2020.12.10T12:22:00,-2,-1,-1,-1,-1,1,2,2,-1,-1,-1,1,-1,1,-1,-1,1,-1,-1,1,-1,1,1,1,1,1,-2,-1,-1,-1,1,-1,-2,1,1,-1,1,-1,1,-1,1,-1
2020.12.10T12:23:00,1,1,2,1,2,1,-1,2,1,-1,1,1,1,-2,1,1,-1,-1,1,-1,-1,-1,1,-1,1,-1,-1,-1,2,1,1,1,-1,-1,-2,-1,2,-1,-1,-1,-2,-1
2020.12.10T12:24:00,-2,-1,-1,-1,-2,1,1,-1,1,1,-1,1,-1,1,1,1,-1,-2,-1,2,1,1,1,2,1,-1,-1,-1,-1,-2,1,-1,1,1,1,-1,1,-1,1,1,-2,-1
2020.12.10T12:25:00,1,2,-1,-1,1,1,1,-1,-2,-2,-1,-1,-2,-1,-1,-2,1,-1,-1,1,1,2,1,1,1,1,1,2,-1,1,1,1,1,2,1,1,-1,2,2,1,1,-1
2020.12.10T12:26:00,2,1,1,-1,2,-1,-1,1,1,-1,1,1,-1,1,1,-1,1,1,1,1,1,1,2,1,2,1,1,1,1,1,2,1,-2,-1,-1,-1,-1,-1,-1,-1,-1,-1
2020.12.10T12:27:00,1,-2,1,1,2,1,-2,2,2,-1,-1,-2,1,-1,1,-1,-1,1,1,-1,-1,-2,-1,-1,1,2,1,-1,2,2,2,2,-2,-2,-1,-1,1,-2,-1,1,-1,-1
2020.12.10T12:28:00,-1,-1,-1,-1,-1,-1,-1,-1,1,1,-1,-1,-1,1,-1,-1,-1,1,-1,1,1,1,1,1,1,-1,-1,-1,-1,-1,-1,-2,-1,1,1,-1,-1,1,1,-1,2,-1
2020.12.10T12:29:00,1,1,1,1,1,-2,1,1,1,-1,-1,-1,1,1,-1,-1,-1,-1,-1,-2,-2,-2,-2,-2,-2,-2,-1,1,1,-1,-2,-2,1,1,2,-1,1,1,1,1,-1,1
2020.12.10T12:30:00,-1,-2,-1,-2,-2,2,-1,-1,1,1,1,1,-1,-1,1,-1,-1,2,1,1,1,1,1,-1,1,2,2,1,1,1,1,2,1,-1,-2,-1,-1,1,-1,-1,2,-1
2020.12.10T12:31:00,1,1,1,1,1,-1,1,1,-1,-1,-1,-1,-2,1,-1,-1,1,-1,-1,2,2,2,2,2,2,2,-1,1,-1,1,1,1,-1,-1,-2,1,-1,-1,1,1,-1,-1
2020.12.10T12:32:00,1,1,2,1,1,2,-1,1,1,1,1,1,2,-1,1,1,-1,1,1,-2,-2,-2,-2,-2,-2,2,-1,-1,1,1,2,2,-1,-1,-1,-1,1,-2,-1,-1,-1,-1
2020.12.10T12:33:00,-1,1,1,2,-1,1,-1,1,1,-1,-1,-1,1,1,-1,-1,-1,1,-1,-1,-1,-2,-2,-1,-2,-1,-1,-1,-1,-2,-1,-1,1,1,1,1,2,2,1,1,2,-1
2020.12.10T12:34:00,-2,-2,-2,2,-2,2,1,1,-1,1,-2,-2,2,1,-1,1,-1,1,-1,-1,-2,-2,-2,-1,-2,1,-2,-2,-2,-2,-2,-1,-1,1,2,1,1,1,1,1,2,-2
2020.12.10T12:35:00,1,-2,1,1,1,-1,-2,1,2,-1,-1,-2,1,1,1,1,-1,1,1,-1,-1,-2,-1,-1,-1,2,-1,-2,1,1,2,2,-1,-2,-1,-1,1,-1,-1,-1,-1,2
2020.12.10T12:36:00,2,2,1,-1,1,1,-1,-1,-1,-1,-1,-1,1,1,-1,-1,1,1,-1,-1,-1,-1,-1,-1,-1,-1,2,1,1,1,1,-1,-1,-1,1,2,-1,-1,1,1,1,-1
2020.12.10T12:37:00,-2,-2,-1,1,-2,-1,1,2,1,1,-1,1,2,-1,1,2,-1,-2,-1,-1,-2,-2,-1,-1,-2,1,-2,-2,-1,-2,2,2,-1,1,-1,1,2,-1,-1,1,-2,-1
2020.12.10T12:38:00,-2,1,-1,2,-2,1,2,1,-1,1,-1,1,2,-1,-1,1,1,1,-1,-1,-2,-2,-2,-1,-2,-1,-2,-1,-2,-2,-2,-2,1,2,2,1,1,1,1,1,1,-1
2020.12.10T12:39:00,-1,-1,1,-1,-1,-1,-1,-1,1,-1,-1,-1,-1,1,1,-1,1,-1,-1,-1,-1,-1,1,-1,-1,-1,1,-1,1,1,1,1,1,-1,-1,1,1,1,1,-1,1,-1
2020.12.10T12:40:00,1,1,-1,1,-1,-1,1,-1,-1,-1,1,1,1,1,-1,1,-1,-2,-1,-2,-1,-1,-2,-1,-1,-1,1,1,-1,-1,-1,-1,2,2,2,1,1,1,1,1,-2,-1
2020.12.10T12:41:00,-2,-1,1,-1,1,2,1,2,1,1,-1,-1,-2,-1,1,-1,-1,1,1,2,1,2,2,2,2,1,-1,-1,1,2,2,1,-2,-1,-2,-1,-1,-2,-1,-1,1,1
2020.12.10T12:42:00,-2,-2,-2,-2,-2,-2,-1,-2,-1,1,1,-1,-2,1,-1,1,1,2,-1,2,2,2,2,2,2,1,1,-2,-2,-2,2,1,2,1,1,1,-1,1,1,1,1,-1
2020.12.10T12:43:00,-2,-2,-1,1,-2,-1,-1,-1,1,1,-1,-1,1,1,-1,1,1,2,-1,-1,-1,-2,-2,-1,-2,1,-2,-2,-2,-2,-2,-1,2,1,1,1,1,2,1,1,2,-2
2020.12.10T12:44:00,2,2,1,-1,2,-2,-1,1,1,-2,1,-1,-1,-1,-1,-2,-1,1,1,1,2,2,2,-1,2,-1,2,2,2,2,1,-1,-1,-1,-1,-1,-1,1,-1,-1,1,1
2020.12.10T12:45:00,-1,-1,-1,2,-2,1,-1,1,1,1,-1,-1,1,1,1,1,-1,-2,-1,-1,-1,-1,-1,1,-1,-2,-2,-2,-1,-2,-2,-1,2,1,2,1,2,2,1,1,-1,1
2020.12.10T12:46:00,-1,2,1,1,1,1,2,1,-1,-1,-1,1,1,1,-1,-1,-1,-1,-1,-1,-1,-1,-2,-1,-1,1,-1,1,-1,1,-1,1,-2,1,-1,-1,-2,-1,-1,1,-1,2
2020.12.10T12:47:00,-1,1,2,-2,2,2,1,2,1,-1,-1,-1,-1,-1,1,-2,1,-1,1,1,1,1,2,-1,2,2,2,2,2,2,2,2,-2,-2,-1,-1,-1,-2,-1,-1,-2,-1
2020.12.10T12:48:00,-1,-1,-1,2,-1,-1,-1,1,1,1,1,1,2,1,1,1,-1,1,-1,-1,-2,-2,-2,-1,-2,1,-2,-2,-1,-2,-1,-1,1,1,2,1,1,2,1,1,2,1
2020.12.10T12:49:00,-1,2,1,-2,2,1,2,2,-1,1,1,2,-1,-1,1,-1,-1,-1,1,1,-1,2,1,-1,1,2,2,2,2,2,2,2,-2,1,-2,-1,-1,-2,-1,-1,-2,-1
2020.12.10T12:50:00,1,2,1,-1,2,1,2,1,-1,-1,-1,2,-2,1,1,-1,-1,-1,1,1,2,2,2,1,2,2,1,2,2,2,2,2,-2,1,-1,-1,-1,1,-1,-1,-2,2
2020.12.10T12:51:00,2,2,1,1,1,1,1,-1,-1,-1,-1,-1,-1,1,-1,-1,1,-1,-1,-1,1,1,-1,1,-1,2,1,1,-1,-1,2,2,2,1,2,1,1,1,1,1,1,1
2020.12.10T12:52:00,-1,-1,-1,2,-1,1,1,1,-1,-1,-1,-2,-2,1,-1,1,-1,-1,-1,1,1,1,1,2,1,-2,-2,-2,-2,-2,-1,2,-1,1,1,1,1,1,1,1,1,-1
2020.12.10T12:53:00,-1,-1,1,-2,1,-1,1,2,1,1,1,1,1,1,1,1,1,-2,1,-1,-1,-1,1,-1,1,2,-1,1,2,2,-1,2,-2,-1,-2,-1,-1,-2,-1,-1,-2,2
2020.12.10T12:54:00,-2,-1,-2,1,-2,-2,1,-1,-1,-1,-1,-1,-1,-1,-1,-1,-1,-1,-1,1,1,1,1,2,1,-2,-1,-1,-2,-2,-2,-2,2,1,1,1,1,2,1,1,2,2
2020.12.10T12:55:00,-1,-1,-1,2,-1,-2,-1,1,1,1,-1,1,-1,1,-1,1,-1,2,-1,1,-1,1,-1,1,-1,-2,-1,-2,-1,-1,1,-2,1,1,1,1,-1,1,1,-1,2,1
2020.12.10T12:56:00,1,2,2,-2,2,2,1,1,-1,-2,-1,-1,1,1,-1,-2,1,-2,-1,-2,-1,-1,-1,-2,-1,-1,2,2,2,2,1,-1,-1,-1,-1,1,1,-2,1,1,-1,-2
2020.12.10T12:57:00,-2,-1,-1,-1,-2,-2,2,-1,-1,1,-1,1,1,-2,-1,1,1,-1,-1,-1,-1,-1,-1,-1,-1,-2,-2,1,-1,-1,-2,-1,1,1,1,1,1,-2,1,1,-1,-1
2020.12.10T12:58:00,-1,-2,-1,-2,1,1,-1,1,1,1,1,1,-1,1,1,1,-1,1,1,1,1,1,1,1,1,-1,1,-1,1,1,2,2,-1,-1,2,-1,-1,-1,-1,-1,-1,-1
2020.12.10T12:59:00,-1,2,-1,1,-2,1,2,-1,-2,-1,-1,2,-1,-1,-1,1,-1,2,-1,1,-1,2,-1,1,-1,-2,-1,2,-2,-2,-2,-2,2,2,2,1,1,2,1,1,2,-1
2020.12.10T13:00:00,-2,-2,-1,-2,-1,-1,-1,-1,1,1,1,1,2,-1,1,1,-1,2,1,-1,-2,-2,-2,-2,-1,2,1,-1,1,-1,-1,-1,-1,-1,1,1,-1,2,-1,-1,2,-1
2020.12.10T13:01:00,2,1,1,1,1,1,-2,-1,1,-1,1,1,-1,-2,1,-1,1,-1,1,1,1,1,1,1,1,-1,1,1,1,1,1,-2,2,-1,1,-1,1,-1,-1,-1,-1,1
2020.12.10T13:02:00,-2,-2,-2,-2,-2,-1,-1,1,1,2,-1,-1,-1,1,1,1,1,-1,1,2,1,1,2,1,1,2,-1,-1,-1,-1,2,2,-1,-1,-2,-1,1,-2,-1,-1,-1,-1
2020.12.10T13:03:00,-1,1,-1,2,-2,2,2,-1,-2,-2,-2,-1,-1,-1,-2,-1,1,1,-2,-1,-1,-1,-2,-1,-2,-2,-2,1,-2,-2,-2,-2,2,2,2,2,1,2,1,1,2,-1
2020.12.10T13:04:00,2,2,2,2,2,1,-1,2,1,-2,-1,-1,2,2,1,-1,-1,-1,1,-2,-2,-2,-1,-2,-1,1,1,1,2,2,1,-1,-2,-1,-2,-1,1,-2,-1,-1,-2,1
2020.12.10T13:05:00,-1,1,-1,2,-1,2,1,1,-1,-1,-1,1,-1,-1,-1,1,-1,-2,-1,1,-1,1,1,1,-1,-1,-2,-1,-1,-2,2,-1,1,1,-1,1,1,1,1,1,-2,2
2020.12.10T13:06:00,1,-1,1,1,-1,-1,-1,-1,1,-1,-1,-1,-1,-1,-1,-1,-1,-2,-1,1,1,1,2,1,1,-2,-1,-1,1,-1,-2,-2,1,1,-1,1,1,-1,1,1,-1,-2
2020.12.10T13:07:00,1,1,1,1,1,1,1,-1,-1,1,1,2,1,-2,1,1,-1,-2,1,-1,1,1,1,1,1,2,-1,1,-1,1,2,1,-1,-1,1,-1,-1,1,-1,-1,-2,2
2020.12.10T13:08:00,1,1,1,2,1,2,1,1,-1,1,1,2,-1,-1,1,1,-1,-2,1,1,1,2,2,2,1,-2,-1,1,1,-1,-2,-2,-1,1,-1,-1,1,-2,-1,-1,-2,2
2020.12.10T13:09:00,1,-1,-1,2,-1,2,-1,-1,-1,1,1,-1,1,-2,-1,1,-1,2,-1,-2,-1,-2,-2,-1,-2,-1,-1,-2,-2,-2,-1,1,2,1,2,1,1,2,1,1,2,-2
2020.12.10T13:10:00,1,2,1,1,1,-2,2,1,-1,-1,-1,2,-1,-1,1,-1,1,-1,1,1,1,2,2,1,1,-1,-1,1,1,1,1,1,-2,1,-1,-1,-1,-2,1,1,-2,2
2020.12.10T13:11:00,2,-2,2,2,2,1,-2,1,2,-1,1,-2,1,-1,1,1,1,1,1,-1,-1,-2,-1,1,-1,-1,-1,-2,-1,1,-1,-2,-1,-2,1,-1,1,2,1,-1,1,-1
2020.12.10T13:12:00,2,2,2,1,2,-1,1,2,1,-2,-1,-1,2,-2,1,-2,-2,-1,1,-2,-2,-2,-2,-2,-2,1,1,2,2,2,-1,-1,-2,-1,1,-1,1,-1,-1,-1,-2,-1
2020.12.10T13:13:00,1,-1,-1,-2,-1,1,-1,-2,-1,1,1,1,-1,1,-1,-1,-2,1,-1,1,1,1,1,1,1,2,2,1,1,1,2,2,2,1,1,1,1,2,-1,1,2,-2
2020.12.10T13:14:00,1,2,1,-1,1,-1,2,1,-1,-2,-1,1,1,-1,-1,-2,1,-1,-1,-2,-2,-1,-2,-2,-2,-1,1,2,1,1,-2,-1,1,1,1,1,1,2,1,1,-1,-2
2020.12.10T13:15:00,1,1,1,-1,1,-1,-1,1,1,-1,-1,-2,-1,1,-1,-1,-1,1,-1,1,1,1,1,1,1,-2,1,1,1,1,-1,-2,-1,-1,-2,1,-1,-2,1,1,2,1
2020.12.10T13:16:00,2,2,1,1,2,1,1,-1,-1,-1,1,2,-1,1,1,-1,-2,1,1,-1,1,2,1,-1,1,1,2,2,1,2,1,-2,1,1,-2,-1,-1,-2,-1,-1,-1,-2
2020.12.10T13:17:00,2,-1,-1,-2,1,1,-2,-1,-1,1,1,1,-2,-1,-1,-1,1,1,1,2,2,2,2,1,2,1,2,1,1,2,1,1,1,-1,1,-1,-2,-2,-1,-1,1,-1
2020.12.10T13:18:00,-2,-2,-2,1,-2,-1,-1,-2,-1,1,1,-1,2,-1,-1,2,-1,2,-1,-1,-2,-2,-2,-1,-2,-1,-2,-2,-2,-2,-2,1,2,1,2,1,-1,2,1,1,2,-2
2020.12.10T13:19:00,1,2,-1,-2,1,-1,1,-2,-2,1,1,1,-1,1,-1,-1,-1,2,1,1,1,2,1,1,1,2,1,2,-1,1,-1,2,-1,1,-1,-1,-2,-1,-1,-1,2,-1
2020.12.10T13:20:00,2,2,2,1,2,1,2,2,-1,-2,-1,1,-2,1,1,-2,-1,-1,1,1,2,2,2,1,2,1,2,2,2,2,2,2,-2,-1,1,1,-1,-2,-1,-1,-2,1
2020.12.10T13:21:00,1,-1,-1,2,-1,-1,-1,-1,-1,-1,-1,-1,-1,1,-1,1,-1,1,-1,1,1,1,1,1,-1,-2,-1,-2,-1,-2,-1,-2,1,1,1,1,1,1,1,1,1,-1
2020.12.10T13:22:00,2,2,1,1,2,1,-1,-1,-1,-1,1,1,-1,1,1,-1,1,1,1,-1,1,1,1,-1,1,2,2,1,1,2,1,2,-1,-1,-1,1,-1,-1,-1,-1,-2,1
2020.12.10T13:23:00,-2,-1,1,-1,-1,-2,1,1,1,-1,-1,-1,-1,-1,-1,-1,1,1,-1,1,-1,1,1,1,1,1,-1,1,1,-1,1,1,-1,1,-1,1,1,1,1,1,1,1
2020.12.10T13:24:00,1,-1,1,2,1,1,-2,1,1,-1,1,-1,1,-1,1,2,1,-2,1,-1,-1,-2,-1,1,-1,-2,-2,-2,-1,-1,-1,-2,1,-1,1,-1,1,-2,1,-1,1,2
2020.12.10T13:25:00,1,1,-1,2,-1,-2,-1,-1,-1,-1,-1,-1,1,1,-1,1,-1,2,-1,-1,-1,-2,-2,-1,-2,-2,-1,-1,-2,-2,-1,-2,2,1,1,1,1,2,1,1,2,-1
2020.12.10T13:26:00,1,1,1,1,-1,1,1,1,-1,-1,-1,1,1,1,1,-1,-1,-1,-1,-1,-1,-1,-1,-1,-1,-1,1,1,1,-1,1,1,1,1,1,1,2,-1,1,-1,-1,-1
2020.12.10T13:27:00,-1,1,1,2,-1,-1,1,1,1,-1,-1,-1,2,-1,-1,1,1,-1,-1,-2,-2,-2,-2,-2,-2,-2,-2,1,-1,-1,-2,-2,-1,1,-1,1,1,2,1,1,1,-1
2020.12.10T13:28:00,-1,-2,-1,1,-1,1,-1,-1,1,1,1,-1,1,1,1,1,1,2,-1,-1,-1,-2,-1,1,-1,1,-2,-2,-2,-2,2,2,2,-1,1,2,1,2,1,-1,2,-1
2020.12.10T13:29:00,1,2,1,-1,1,1,2,1,-1,-1,-1,1,-2,-1,-1,-1,-1,-2,-1,1,1,2,1,1,1,-1,1,2,1,1,-1,-1,-1,2,1,-2,1,1,-1,1,-1,-1
2020.12.10T13:30:00,1,2,2,-2,2,1,2,2,1,-1,1,2,-1,1,1,-1,-2,1,1,1,2,2,2,1,2,2,2,2,2,2,1,1,-2,-1,-2,-1,1,-2,-2,-1,-1,-1
2020.12.10T13:31:00,-2,-2,-1,-1,-1,1,-1,1,1,1,-1,-2,-1,1,-1,-1,1,-1,-1,1,-1,-1,1,1,-1,-1,-1,-1,-1,-1,-2,-1,-1,-1,1,1,1,-2,1,1,2,-1
2020.12.10T13:32:00,-2,1,-1,-1,-1,1,1,-1,-1,1,-1,1,1,2,-1,1,-1,1,-1,-1,-1,-1,-1,-1,-1,-1,-1,1,-1,-1,-1,-1,-1,1,2,1,1,-1,1,1,-1,-1
2020.12.10T13:33:00,-2,-2,-2,-2,-2,1,-1,-2,-1,1,1,1,1,-2,-1,1,-1,2,-1,1,1,-1,-1,1,-1,-1,-1,-2,-2,-2,-1,-1,2,1,2,1,-1,2,1,1,2,-2
2020.12.10T13:34:00,-1,-1,-1,1,-1,2,-1,-1,1,1,1,-1,1,1,-1,1,1,-1,-1,-1,-1,-1,-1,-1,-1,1,-1,-1,-1,-1,1,-1,1,-1,2,1,1,1,1,1,1,-1
2020.12.10T13:35:00,-2,-2,-2,-2,-2,-1,1,1,-1,2,-1,-1,1,1,-1,1,1,2,-1,1,-1,-1,-1,1,-1,2,-2,-2,-2,-2,1,1,1,1,2,1,1,2,1,1,2,1
2020.12.10T13:36:00,-1,-1,-1,-1,-2,1,-1,-1,-1,1,1,1,-1,-1,1,1,2,-2,-1,2,2,2,1,1,1,-1,1,-1,-1,-2,-1,-2,2,1,1,1,1,1,2,-1,-2,1
2020.12.10T13:37:00,-1,1,-1,-2,-1,-1,1,-2,-1,1,1,1,1,1,-1,-1,-1,2,-1,-1,-1,-1,-2,-1,-1,-1,1,1,-1,1,-1,-1,1,1,-1,1,-1,2,-1,1,2,-1
2020.12.10T13:38:00,-1,-1,-1,2,-2,1,1,-1,-1,1,1,1,-1,1,1,2,-1,1,1,2,1,1,1,2,1,1,-2,-2,-2,-2,1,1,2,1,1,-1,1,2,-1,1,1,-1
2020.12.10T13:39:00,2,1,1,1,1,-1,-1,-1,1,-1,1,1,-1,1,-1,-1,1,-2,1,-1,1,1,1,-1,1,2,2,1,1,1,2,2,1,1,-2,-1,-1,-1,1,-1,-2,1
2020.12.10T13:40:00,2,2,2,-1,2,1,1,2,1,-2,-1,-1,2,-2,-1,-2,-2,-2,-1,-2,-2,-2,-2,-2,-2,-2,2,2,2,2,-2,-1,-2,-1,-1,1,1,-2,-2,1,-2,1
2020.12.10T13:41:00,-1,-1,-1,-2,-1,-1,-1,-1,-1,1,1,1,2,-1,-1,-1,1,2,-1,-1,-2,-2,-2,-2,-2,2,1,1,-1,1,2,1,1,1,1,1,1,-1,1,-1,2,-1
2020.12.10T13:42:00,2,2,1,1,2,1,1,1,-1,-1,-1,1,1,1,-1,-1,1,2,1,-1,-1,-1,-1,-1,-1,1,1,1,1,1,-1,1,-1,-1,1,-1,-1,-2,-1,-1,2,2
2020.12.10T13:43:00,-1,1,1,-1,-1,-1,2,2,1,-1,-1,1,-1,-1,1,-1,-1,-2,-1,-1,-1,1,1,-1,-1,-1,-1,1,2,1,-1,-1,-1,1,1,1,2,-1,1,1,-2,-1
2020.12.10T13:44:00,-2,-2,-1,-2,-2,-1,-1,1,1,1,1,-1,-2,-1,1,-1,-1,1,-1,2,2,2,2,2,1,-1,-1,-1,1,-2,-1,-1,2,1,-1,1,2,1,1,1,2,-2
2020.12.10T13:45:00,2,2,2,-2,2,2,-1,1,1,-1,1,1,-1,1,1,-2,1,-2,2,1,2,2,2,-1,2,1,2,2,2,2,2,2,-2,-1,-2,-1,-2,-2,-1,-1,-2,-1
2020.12.10T13:46:00,1,1,-1,1,-1,1,-1,-1,-1,-1,1,1,1,1,-1,1,1,2,-1,-1,-1,-1,-2,-1,-2,-2,1,1,-1,-1,1,-2,2,1,-1,1,1,1,1,1,2,-2
2020.12.10T13:47:00,1,-1,1,-2,-1,1,-1,-1,1,-1,1,-1,-1,1,1,-1,-1,1,-1,1,2,1,2,1,1,-1,1,1,1,1,-1,-1,1,-1,-1,1,1,-1,-1,1,1,-2
2020.12.10T13:48:00,-1,-1,1,-1,-1,-1,1,1,1,1,-1,-1,1,-1,-1,-1,-1,1,-1,-2,-2,-2,-1,-1,-1,-2,-1,1,1,-1,2,-2,-1,1,1,1,1,1,1,1,2,1
2020.12.10T13:49:00,-2,-1,-2,1,-2,1,2,-1,-2,1,-2,1,2,1,-1,1,1,1,-2,-1,-2,-2,-2,-1,-2,-2,-2,-2,-2,-2,-2,-2,2,2,2,2,1,2,1,1,2,-1
2020.12.10T13:50:00,-1,-2,-1,2,-2,1,-2,-1,2,1,1,-2,2,2,1,2,1,2,-1,-1,-2,-2,-2,-1,-2,1,-2,-2,-2,-2,1,1,2,-2,2,1,1,2,1,1,2,2
2020.12.10T13:51:00,-1,1,2,-1,2,-1,2,2,1,-2,-2,-1,2,2,1,-2,-1,-2,1,-2,-2,-2,-2,-2,-1,2,-1,2,2,2,2,2,-2,-2,-2,-1,-1,-2,-1,-1,-2,1
2020.12.10T13:52:00,-1,-1,-1,-2,-1,1,-1,-1,1,1,-1,-1,1,-1,-1,-1,1,-1,-1,-1,-1,-1,-1,-1,-1,1,1,1,-1,-1,2,2,1,1,2,1,1,-1,1,1,-1,2
2020.12.10T13:53:00,-1,-1,-1,-1,-2,-1,-1,-1,-1,1,1,1,-1,-1,-1,1,1,-1,-1,2,2,2,1,2,1,-2,1,-1,-1,-1,-1,-1,2,1,2,-1,1,2,1,1,-1,1
2020.12.10T13:54:00,-2,-2,-1,-1,-2,-1,-1,1,1,2,1,-1,2,2,1,1,1,2,1,-1,-1,-2,-2,-1,-1,-2,-1,-2,-1,-1,-1,-1,-1,-1,-2,1,1,1,1,-1,2,1
2020.12.10T13:55:00,-2,-1,-1,-1,-2,1,1,-1,-1,1,-1,1,1,-1,-1,1,1,-2,-1,-1,-2,-1,-2,-1,-2,-2,-1,1,-2,-2,-2,-2,2,2,1,1,1,-1,1,1,-2,-1
2020.12.10T13:56:00,2,2,1,2,1,-1,-1,-1,-1,-1,1,1,2,1,1,1,1,-1,1,-2,-1,-1,-2,-1,-1,-2,-1,-1,-1,-1,-1,-2,1,1,-2,1,-1,1,1,-1,-1,-1
2020.12.10T13:57:00,-2,-2,-2,2,-1,1,-2,-2,1,2,1,-1,2,-1,-1,2,1,-1,1,-2,-2,-2,-2,-1,-2,2,-2,-2,-2,-2,-1,1,-1,-2,1,-1,-2,2,-1,-1,1,1
2020.12.10T13:58:00,2,-1,2,-2,2,-1,-2,1,2,1,2,1,2,1,2,-1,-1,1,2,-2,-1,-2,-1,-2,-1,1,2,1,2,2,1,-1,-2,-2,-2,-2,-1,-2,-1,-1,-2,-1
2020.12.10T13:59:00,1,1,2,-2,1,-1,-1,2,1,-2,-1,-2,2,1,1,-2,1,2,-1,-2,-2,-2,-2,-2,-2,1,2,1,2,1,1,-1,1,1,1,1,2,-1,1,1,2,-1
2020.12.10T14:00:00,-2,1,-1,-2,-1,-1,1,1,-1,1,1,1,1,1,1,1,1,-2,1,1,-1,1,-1,-1,-1,-1,-1,1,1,1,-1,-2,-1,1,1,-1,1,1,1,-1,-2,-1
2020.12.10T14:01:00,-2,-2,-2,-1,-2,2,-2,-2,1,2,1,-1,2,1,1,2,-1,2,-1,1,-1,-2,-2,-1,-2,-2,-1,-2,-2,-2,-2,-2,2,1,2,1,2,2,1,1,2,-2
2020.12.10T14:02:00,-2,1,2,-2,1,2,2,2,1,-1,-2,-1,-1,1,1,-2,-1,-1,-1,1,-1,1,2,-1,1,-1,-1,2,2,2,2,-2,-2,-1,-1,1,1,1,1,-1,-2,1
2020.12.10T14:03:00,-1,2,-1,-1,-1,-1,2,-1,-2,-2,-2,2,-2,1,-2,-2,-1,-1,-1,2,2,3,2,2,2,-2,1,2,-1,1,-2,-2,-1,2,1,1,-2,2,1,1,1,-1
2020.12.10T14:04:00,2,2,1,2,2,-1,-1,-2,-1,-2,-1,-1,-2,-1,-1,-1,-2,1,-1,2,2,2,2,2,2,2,1,1,-1,1,1,2,1,-1,-2,1,-2,2,-1,1,1,-2
2020.12.10T14:05:00,2,2,1,2,2,1,2,-2,-2,-2,-1,1,-2,1,-1,-1,-1,-1,-1,-1,2,2,1,2,2,1,1,1,-1,1,1,1,-1,1,-1,1,-2,-1,1,1,-1,-1
2020.12.10T14:06:00,1,2,2,2,2,2,2,1,-1,-2,-1,-1,-2,-1,-1,-1,1,-2,-1,1,2,2,2,2,2,1,-2,1,-1,-1,-2,-2,-2,-1,-1,1,-1,-1,1,1,-2,2
2020.12.10T14:07:00,1,2,-1,1,1,-1,1,-2,-2,-1,-1,1,1,1,-1,-1,-1,-1,-1,-2,-2,-1,-2,-2,-2,1,1,2,-1,-1,2,2,1,2,1,1,-1,2,1,1,2,1
2020.12.10T14:08:00,-1,-2,-2,2,-2,1,-1,-2,-1,2,1,1,-1,1,-1,2,1,2,1,1,1,1,-1,2,-1,-2,-2,-2,-2,-2,-1,-1,2,1,1,1,-1,2,-1,1,2,-1
2020.12.10T14:09:00,-1,-2,-2,1,-1,-1,-2,-2,1,-1,-1,-2,-1,1,-1,1,-1,2,-1,-1,1,-1,-1,1,-1,1,-1,-2,-2,-2,-1,1,2,-1,1,1,-1,1,1,1,2,-2
2020.12.10T14:10:00,-2,-2,-2,-1,-2,1,1,1,-1,2,-1,-1,-2,1,-1,1,1,-2,-1,2,2,2,2,2,2,2,-2,-2,-1,-2,2,1,1,1,1,1,1,1,1,1,-2,1
2020.12.10T14:11:00,2,1,1,2,2,-1,-1,-1,1,-1,1,1,-1,1,1,1,1,1,1,1,2,2,2,2,2,2,1,-1,1,1,-1,2,-1,-1,-2,-1,-1,-2,-1,-1,1,-1
2020.12.10T14:12:00,-1,-1,1,-1,-1,-1,-1,1,1,-1,-1,-2,-1,1,-1,-1,-1,-1,-1,1,1,1,1,1,-1,-1,-1,-1,1,-1,-2,-1,1,1,1,1,2,2,1,1,1,2
2020.12.10T14:13:00,2,2,2,2,2,1,-1,-2,-1,-2,1,1,-2,1,1,-1,-2,2,1,-1,2,2,2,1,2,-1,2,2,1,2,-2,1,-2,-1,-1,-1,-2,2,-2,-2,-1,1
2020.12.10T14:14:00,-2,-1,-1,-2,-1,1,1,1,1,1,1,1,2,1,1,-1,1,1,1,-2,-2,-2,-2,-2,-2,-2,2,2,2,2,-2,-2,-1,-1,1,-1,1,1,-1,2,-1,2
2020.12.10T14:15:00,1,1,1,-2,1,-1,1,1,1,-1,-1,-1,-1,1,-1,-2,-1,-2,-1,1,1,1,1,-1,1,1,2,2,2,2,1,-1,-1,-1,-1,1,-1,1,1,-1,-2,-1
2020.12.10T14:16:00,-1,-1,-2,-2,-1,1,-1,-2,-1,1,1,1,1,1,-1,-1,-1,2,-1,1,1,1,-1,-1,-1,-1,1,1,-1,1,-1,-2,2,1,1,-1,-1,2,1,1,2,-2
2020.12.10T14:17:00,1,-1,1,2,1,-1,-1,1,1,-1,1,-1,1,1,1,1,-1,1,1,1,1,-1,1,1,1,2,-1,-1,1,1,1,2,-1,-1,-1,-1,-1,-1,-1,-1,-1,-1
2020.12.10T14:18:00,-1,-1,-1,2,-2,1,-1,-2,-1,1,1,-1,-1,1,-1,2,1,1,-2,1,1,1,-1,2,-1,-2,-2,-2,-2,-2,-2,-2,2,2,2,1,2,2,1,1,2,-1
2020.12.10T14:19:00,1,-1,-1,1,1,-1,-1,-1,1,-1,-1,-2,-1,1,-1,-1,-1,-1,-1,1,1,1,1,1,1,2,1,1,-1,1,2,1,-1,-1,1,1,-2,-1,1,1,-1,2
2020.12.10T14:20:00,2,-1,1,1,1,1,-2,-1,1,1,1,-2,-1,-1,1,1,1,-1,1,1,2,1,2,1,1,1,1,-1,1,1,2,1,1,-2,-2,-1,1,-1,-1,-1,-2,-2
2020.12.10T14:21:00,2,2,1,-1,2,-1,1,-1,-1,-1,-1,1,-2,1,1,-1,-1,-1,1,1,2,2,2,1,2,2,2,2,2,2,1,2,1,1,-2,1,1,-1,-1,1,-1,2
2020.12.10T14:22:00,-2,-2,-2,-1,-2,-1,-1,-2,-1,1,-1,-2,2,1,-2,1,1,-2,-2,-1,-2,-2,-2,-2,-2,2,-2,-2,-2,-2,-2,2,2,1,2,2,-1,2,2,1,1,-3
2020.12.10T14:23:00,1,-2,1,-2,1,-1,-2,1,2,2,2,1,1,1,2,1,2,1,2,1,1,-1,2,-1,1,-2,2,-1,1,1,-3,-1,1,-2,-2,-2,1,2,1,-1,-1,-1
2020.12.10T14:24:00,-1,-2,-1,-2,-1,1,-2,-1,1,1,1,-1,1,1,1,1,1,-1,1,-1,-1,-2,-1,-1,1,2,2,-1,1,1,2,1,-1,-2,-2,-1,-1,-1,-1,-1,-2,2
2020.12.10T14:25:00,2,2,2,2,1,-1,1,1,1,-1,1,1,2,-1,1,1,1,-1,-1,-2,-2,-2,-2,-2,-2,-2,-1,1,1,-1,-1,-2,2,1,2,1,1,2,1,-1,1,-1
2020.12.10T14:26:00,2,2,1,-1,1,-1,2,-1,-2,-2,-1,1,-2,-1,-1,-1,-1,-1,-1,1,1,2,1,1,1,-1,1,2,1,1,-1,-1,1,2,1,1,-1,2,1,1,-1,-1
2020.12.10T14:27:00,1,2,-1,2,1,-1,2,1,-1,-1,-1,2,-2,1,-1,1,-1,-1,-1,2,2,2,2,2,2,-1,-1,1,-1,-1,2,-1,-1,1,1,1,-1,1,1,1,-1,1
2020.12.10T14:28:00,1,1,1,-2,1,-1,1,1,1,-1,-1,1,-2,1,1,-1,-1,1,1,2,2,2,2,1,2,-1,2,2,2,2,-1,1,1,1,1,1,1,-1,1,1,1,-2
2020.12.10T14:29:00,-1,2,-1,-2,1,1,2,-1,-2,-1,-1,1,-2,-2,-1,-2,-1,-1,-1,2,2,2,2,2,2,1,2,2,2,2,-1,-1,-2,1,-1,1,-2,-2,-1,1,-1,-1
2020.12.10T14:30:00,-2,-1,-2,-1,-2,2,1,-2,-2,1,-1,1,2,-2,-1,1,-1,2,-2,-2,-2,-2,-2,-2,-2,1,-1,1,-2,-2,-1,-1,2,2,1,1,1,2,1,1,2,-1
2020.12.10T14:31:00,2,1,2,-1,2,-1,-1,1,1,-1,-1,-1,-2,-1,1,-2,-1,-1,1,1,1,1,2,1,2,2,2,2,2,2,1,2,-1,-1,-2,-1,-1,-2,-1,-1,-1,-1
2020.12.10T14:32:00,1,-2,1,1,2,-1,-2,1,2,2,2,1,2,-1,2,2,-2,2,2,-1,-1,-2,-1,-1,1,2,1,-2,1,2,1,2,-2,-2,-1,-2,-1,-1,-2,-1,-1,2
2020.12.10T14:33:00,-2,-2,-2,-1,-2,1,-1,-1,-1,2,1,2,-1,-1,1,2,1,2,1,2,1,1,-1,2,1,-2,-2,-2,-2,-2,-2,-2,1,1,2,-1,-1,-1,1,-1,1,-2
2020.12.10T14:34:00,2,-1,1,2,1,-1,-1,-1,1,-1,1,-1,2,-2,1,1,1,1,1,-2,-1,-2,-2,-1,-2,1,-1,-2,-1,-1,-1,-1,1,-1,-1,-1,1,1,1,-1,2,-2
2020.12.10T14:35:00,-1,-1,-2,2,-2,-1,-1,-2,-1,1,1,1,1,-1,-1,2,1,-1,-1,-1,-1,-1,-2,1,-1,-2,-2,-2,-2,-2,-2,-2,2,1,1,1,1,1,1,1,1,-1
2020.12.10T14:36:00,2,1,1,-1,2,1,-1,1,1,-1,1,-1,-1,-2,-1,-1,-1,-1,1,-1,1,1,1,-1,1,1,2,1,1,2,1,-1,1,-1,1,-1,-1,-1,-1,1,-1,-1
2020.12.10T14:37:00,1,1,1,1,1,-1,-1,1,1,-1,1,1,2,1,1,1,-1,-1,1,-1,-1,-2,-1,-1,-1,-1,-1,-1,1,-1,-1,1,-1,-1,1,-1,1,-2,-1,-1,-1,1
2020.12.10T14:38:00,-2,-1,1,-1,-1,-1,1,1,1,2,1,2,-1,1,1,1,-1,2,1,2,1,2,2,2,2,-2,-1,1,-1,-1,-1,-2,-1,-1,1,-1,1,-1,-1,-1,1,-1
2020.12.10T14:39:00,-1,1,1,1,1,1,1,2,1,1,1,1,2,1,1,1,1,1,1,-2,-2,-2,-2,-2,-2,-2,-1,1,1,1,2,1,-1,1,1,1,1,-1,-1,-1,1,1
2020.12.10T14:40:00,1,1,1,2,1,-1,1,1,1,-1,1,1,-1,-1,1,1,-1,1,1,1,1,1,1,1,1,1,-1,1,1,-1,-1,2,-1,1,-2,1,1,-1,-1,-1,1,-2
2020.12.10T14:41:00,-1,-1,2,-1,-1,-2,1,2,2,1,1,1,2,1,1,1,-1,2,1,-1,-2,-2,1,-1,-1,-1,-1,1,2,1,1,-2,-1,1,1,1,2,-2,-1,1,2,-1
2020.12.10T14:42:00,-2,-2,-2,-2,-2,1,-1,-1,-1,2,1,1,2,1,1,1,1,-1,1,1,-1,-1,-1,-1,-1,-1,-1,1,-1,1,-1,1,-1,-1,-1,-1,-1,-2,-1,-1,-2,-1
2020.12.10T14:43:00,-2,-1,-2,-1,-1,-1,2,-2,-2,1,-1,1,-1,1,-2,1,1,1,-1,2,-1,2,-2,2,1,2,-2,-1,-2,-2,-1,2,-2,1,1,1,-2,2,1,1,2,-1
2020.12.10T14:44:00,2,-2,-1,-1,-1,-1,-2,-2,-1,-1,-1,-2,1,2,-1,-2,3,1,-1,-2,-1,-2,-2,-1,-2,2,1,-2,-1,-1,-1,1,2,-1,2,1,1,2,2,-1,2,1
2020.12.10T14:45:00,2,-2,3,1,2,1,-3,2,3,3,3,3,3,-2,3,3,-2,3,3,-1,2,-2,2,-1,2,-2,2,-2,3,2,2,1,-2,-3,-2,-3,2,-3,-3,-2,-3,-1
2020.12.10T14:46:00,-2,-1,2,-2,-1,1,-1,2,2,1,-1,1,1,-1,2,-2,-1,-2,1,1,-1,-1,1,-2,-1,-2,2,2,2,2,-1,-1,-2,-1,-2,1,2,-1,-1,-1,-2,2
2020.12.10T14:47:00,2,-2,-2,-2,2,-2,-2,-3,-1,2,2,2,-2,-2,1,2,-1,2,2,3,3,3,3,3,3,2,2,-1,-2,2,2,3,-1,-2,-2,-2,-3,-3,-2,-2,-2,-2
2020.12.10T14:48:00,-2,1,-2,1,-2,1,2,1,-2,-2,-2,-2,1,1,-2,-2,1,-2,-2,-2,-2,-2,-2,-2,-2,-2,-2,1,-2,-2,-1,-2,2,2,2,2,2,2,2,2,2,-1
2020.12.10T14:49:00,1,1,1,2,1,1,1,1,-1,2,2,2,2,2,2,2,-1,2,2,-1,-1,-1,-1,-1,-1,-1,-1,1,-1,-1,-1,-1,-1,-1,-1,-2,-1,-2,-2,-1,-1,1
2020.12.10T14:50:00,-1,2,1,2,-1,-1,2,1,-2,-2,-2,-1,-1,-1,-2,-2,1,-2,-2,-1,-1,1,-1,-1,-1,-1,-2,1,-1,-2,-2,-2,1,2,2,2,1,2,1,1,1,-1
2020.12.10T14:51:00,-1,-1,1,-1,2,1,-1,1,1,-1,-1,-2,-2,-1,-1,-1,-1,1,1,2,2,2,2,2,2,-1,1,1,1,2,1,1,-2,-2,1,1,-2,-2,-1,-1,1,-1
2020.12.10T14:52:00,-2,-2,-2,-1,-2,2,2,1,-1,-2,-2,-2,-2,2,-2,-2,1,-2,-2,-1,-2,-1,-2,-1,-2,-2,-2,-2,-2,-2,-2,-2,2,2,2,2,2,2,2,2,1,1
2020.12.10T14:53:00,-2,-1,-1,2,-1,1,2,2,1,-1,-2,-2,-1,-1,-1,1,1,-1,-1,1,-1,1,1,1,1,1,-2,-2,-1,-2,-1,1,-2,1,2,1,1,1,1,1,-1,-1
2020.12.10T14:54:00,1,1,2,1,2,1,1,2,1,2,2,2,2,2,2,2,-1,1,2,-1,1,1,2,1,2,2,1,1,2,2,2,-1,-2,-2,-2,-2,-1,-2,-2,-2,-2,2
2020.12.10T14:55:00,2,-2,1,-2,1,1,-2,-1,2,2,2,2,-2,-1,2,2,-1,2,2,2,2,2,2,2,2,-2,2,-2,2,2,-2,-2,2,-2,-2,-2,1,-2,-2,-1,1,1
2020.12.10T14:56:00,-2,-2,-1,1,2,-1,1,1,1,1,-1,-2,1,2,-1,1,-1,-1,2,-1,-2,-2,-2,1,1,2,-2,-2,-2,2,1,1,-3,-2,-2,-2,-2,-2,-1,-1,-2,1
2020.12.10T14:57:00,-2,1,-1,-2,1,-1,2,2,-1,-1,-2,-1,-2,-1,-1,-2,1,-1,-1,2,1,2,2,2,2,-2,-1,2,1,1,-1,2,-2,1,1,2,-1,-1,1,1,-1,-2
2020.12.10T14:58:00,1,1,-2,2,-2,2,1,-2,-2,-1,-1,-1,-1,1,-2,-1,-1,-1,-2,-1,-1,1,-2,1,-2,1,-2,-1,-2,-2,-2,1,2,2,1,2,1,1,1,1,2,-1
2020.12.10T14:59:00,1,2,1,-1,2,-1,2,-1,-1,-2,-1,-1,-1,1,-1,-2,1,-2,-1,-1,1,1,1,-1,1,1,2,2,1,2,2,2,-2,1,2,1,-1,1,1,1,-1,-1
2020.12.10T15:00:00,2,-2,-1,-1,1,-2,-2,-2,2,1,2,-2,-2,1,1,-1,1,-1,1,2,2,1,2,2,2,1,2,-2,1,1,2,-2,2,-2,-2,-1,-2,-2,-1,-1,-2,-1
